{
  "project_info": {
    "project_number": "939878878802",
    "firebase_url": "https://xvent-275418.firebaseio.com",
    "project_id": "xvent-275418",
    "storage_bucket": "xvent-275418.appspot.com"
  },
  "client": [
    {
      "client_info": {
        "mobilesdk_app_id": "1:939878878802:android:a8c39b5a708c88b9e8d98b",
        "android_client_info": {
          "package_name": "com.example.myapplication"
        }
      },
      "oauth_client": [
        {
          "client_id": "939878878802-ul4ta7uv520772o729f95o7tt0idclrk.apps.googleusercontent.com",
          "client_type": 3
        }
      ],
      "api_key": [
        {
          "current_key": "AIzaSyAl4FEFpoTp7sy_SArfchJOyumKV0NJRfo"
        }
      ],
      "services": {
        "appinvite_service": {
          "other_platform_oauth_client": [
            {
              "client_id": "939878878802-ul4ta7uv520772o729f95o7tt0idclrk.apps.googleusercontent.com",
              "client_type": 3
            }
          ]
        }
      }
    }
  ],
  "configuration_version": "1"
}